{
  "best_weights": {
    "h2h": 0.5,
    "common": 0.5,
    "trans": 0.0,
    "elo": 0.5,
    "form": 0.0,
    "momentum": 0.0,
    "streak": 0.0,
    "consistency": 0.0,
    "activity": 0.6
  },
  "baseline_accuracy": 0.5787506673785371,
  "optimized_accuracy": 0.586759209823812,
  "high_conf_accuracy": 0.6641651031894934
}