{
  "1": {
    "gpm": 672.8,
    "greed_index": 0.908067991381374,
    "timing_category": "late",
    "aggression": 0.4424,
    "pace": 2408.5
  },
  "2": {
    "gpm": 517.8,
    "greed_index": 0.5369882690926501,
    "timing_category": "mid",
    "aggression": 0.5605,
    "pace": 2452.8
  },
  "3": {
    "gpm": 320.1,
    "greed_index": 0.06368206847019396,
    "timing_category": "early",
    "aggression": 0.569,
    "pace": 2411.7
  },
  "4": {
    "gpm": 611.1,
    "greed_index": 0.7603543212832176,
    "timing_category": "late",
    "aggression": 0.5071,
    "pace": 2472.9
  },
  "5": {
    "gpm": 358.3,
    "greed_index": 0.15513526454393106,
    "timing_category": "early",
    "aggression": 0.5573,
    "pace": 2391.2
  },
  "6": {
    "gpm": 633.4,
    "greed_index": 0.8137419200383048,
    "timing_category": "late",
    "aggression": 0.4824,
    "pace": 2472.8
  },
  "7": {
    "gpm": 511.4,
    "greed_index": 0.5216662676562125,
    "timing_category": "mid",
    "aggression": 0.5598,
    "pace": 2475.6
  },
  "8": {
    "gpm": 669.2,
    "greed_index": 0.8994493655733781,
    "timing_category": "late",
    "aggression": 0.4678,
    "pace": 2400.3
  },
  "9": {
    "gpm": 384.5,
    "greed_index": 0.21785970792434758,
    "timing_category": "early",
    "aggression": 0.5922,
    "pace": 2387.4
  },
  "10": {
    "gpm": 658.3,
    "greed_index": 0.873354081876945,
    "timing_category": "late",
    "aggression": 0.4237,
    "pace": 2318.4
  },
  "11": {
    "gpm": 651.9,
    "greed_index": 0.8580320804405074,
    "timing_category": "late",
    "aggression": 0.4953,
    "pace": 2418.0
  },
  "12": {
    "gpm": 645.2,
    "greed_index": 0.8419918601867369,
    "timing_category": "late",
    "aggression": 0.4376,
    "pace": 2454.7
  },
  "13": {
    "gpm": 587.7,
    "greed_index": 0.7043332535312425,
    "timing_category": "late",
    "aggression": 0.5579,
    "pace": 2409.9
  },
  "14": {
    "gpm": 407.3,
    "greed_index": 0.2724443380416567,
    "timing_category": "early",
    "aggression": 0.5564,
    "pace": 2402.8
  },
  "15": {
    "gpm": 568.0,
    "greed_index": 0.6571702178597079,
    "timing_category": "mid",
    "aggression": 0.527,
    "pace": 2448.4
  },
  "16": {
    "gpm": 534.7,
    "greed_index": 0.5774479291357434,
    "timing_category": "mid",
    "aggression": 0.5204,
    "pace": 2489.0
  },
  "17": {
    "gpm": 575.3,
    "greed_index": 0.6746468757481444,
    "timing_category": "late",
    "aggression": 0.5547,
    "pace": 2390.2
  },
  "18": {
    "gpm": 700.3,
    "greed_index": 0.9739047163035669,
    "timing_category": "late",
    "aggression": 0.4574,
    "pace": 2432.9
  },
  "19": {
    "gpm": 571.5,
    "greed_index": 0.6655494373952597,
    "timing_category": "late",
    "aggression": 0.5293,
    "pace": 2381.8
  },
  "20": {
    "gpm": 425.7,
    "greed_index": 0.3164950921714148,
    "timing_category": "early",
    "aggression": 0.5704,
    "pace": 2395.1
  },
  "21": {
    "gpm": 425.9,
    "greed_index": 0.3169739047163035,
    "timing_category": "early",
    "aggression": 0.5592,
    "pace": 2439.2
  },
  "22": {
    "gpm": 458.4,
    "greed_index": 0.39478094326071334,
    "timing_category": "mid",
    "aggression": 0.6526,
    "pace": 2442.3
  },
  "23": {
    "gpm": 572.0,
    "greed_index": 0.6667464687574813,
    "timing_category": "late",
    "aggression": 0.5452,
    "pace": 2466.4
  },
  "25": {
    "gpm": 612.8,
    "greed_index": 0.7644242279147712,
    "timing_category": "late",
    "aggression": 0.4788,
    "pace": 2444.6
  },
  "26": {
    "gpm": 336.7,
    "greed_index": 0.103423509695954,
    "timing_category": "early",
    "aggression": 0.5295,
    "pace": 2435.6
  },
  "27": {
    "gpm": 354.4,
    "greed_index": 0.1457984199186018,
    "timing_category": "early",
    "aggression": 0.5576,
    "pace": 2383.6
  },
  "28": {
    "gpm": 507.0,
    "greed_index": 0.5111323916686616,
    "timing_category": "mid",
    "aggression": 0.5549,
    "pace": 2375.5
  },
  "29": {
    "gpm": 503.3,
    "greed_index": 0.5022743595882212,
    "timing_category": "mid",
    "aggression": 0.5305,
    "pace": 2360.7
  },
  "30": {
    "gpm": 386.1,
    "greed_index": 0.22169020828345706,
    "timing_category": "early",
    "aggression": 0.5665,
    "pace": 2450.9
  },
  "31": {
    "gpm": 365.3,
    "greed_index": 0.17189370361503473,
    "timing_category": "early",
    "aggression": 0.5812,
    "pace": 2463.7
  },
  "32": {
    "gpm": 511.8,
    "greed_index": 0.5226238927459899,
    "timing_category": "mid",
    "aggression": 0.5596,
    "pace": 2457.7
  },
  "33": {
    "gpm": 473.0,
    "greed_index": 0.4297342590375867,
    "timing_category": "mid",
    "aggression": 0.5472,
    "pace": 2424.4
  },
  "34": {
    "gpm": 598.7,
    "greed_index": 0.7306679435001198,
    "timing_category": "late",
    "aggression": 0.4793,
    "pace": 2446.0
  },
  "35": {
    "gpm": 579.2,
    "greed_index": 0.6839837203734738,
    "timing_category": "late",
    "aggression": 0.5698,
    "pace": 2468.8
  },
  "36": {
    "gpm": 603.3,
    "greed_index": 0.7416806320325591,
    "timing_category": "late",
    "aggression": 0.5267,
    "pace": 2388.3
  },
  "37": {
    "gpm": 385.1,
    "greed_index": 0.21929614555901367,
    "timing_category": "early",
    "aggression": 0.5583,
    "pace": 2383.1
  },
  "38": {
    "gpm": 583.3,
    "greed_index": 0.6937993775436915,
    "timing_category": "late",
    "aggression": 0.5286,
    "pace": 2336.6
  },
  "39": {
    "gpm": 570.7,
    "greed_index": 0.6636341872157051,
    "timing_category": "late",
    "aggression": 0.5878,
    "pace": 2446.4
  },
  "40": {
    "gpm": 427.2,
    "greed_index": 0.3200861862580799,
    "timing_category": "early",
    "aggression": 0.613,
    "pace": 2433.4
  },
  "41": {
    "gpm": 577.6,
    "greed_index": 0.6801532200143644,
    "timing_category": "late",
    "aggression": 0.5141,
    "pace": 2434.9
  },
  "42": {
    "gpm": 594.0,
    "greed_index": 0.7194158486952358,
    "timing_category": "late",
    "aggression": 0.5239,
    "pace": 2407.8
  },
  "43": {
    "gpm": 563.3,
    "greed_index": 0.6459181230548239,
    "timing_category": "mid",
    "aggression": 0.5295,
    "pace": 2415.7
  },
  "44": {
    "gpm": 643.9,
    "greed_index": 0.8388795786449603,
    "timing_category": "late",
    "aggression": 0.4898,
    "pace": 2377.5
  },
  "45": {
    "gpm": 373.9,
    "greed_index": 0.1924826430452477,
    "timing_category": "early",
    "aggression": 0.5654,
    "pace": 2384.4
  },
  "46": {
    "gpm": 688.7,
    "greed_index": 0.946133588700024,
    "timing_category": "late",
    "aggression": 0.5076,
    "pace": 2375.9
  },
  "47": {
    "gpm": 517.0,
    "greed_index": 0.5350730189130954,
    "timing_category": "mid",
    "aggression": 0.5296,
    "pace": 2450.1
  },
  "48": {
    "gpm": 711.2,
    "greed_index": 1.0,
    "timing_category": "late",
    "aggression": 0.4664,
    "pace": 2373.4
  },
  "49": {
    "gpm": 600.8,
    "greed_index": 0.7356954752214506,
    "timing_category": "late",
    "aggression": 0.4748,
    "pace": 2344.6
  },
  "50": {
    "gpm": 409.9,
    "greed_index": 0.2786689011252094,
    "timing_category": "early",
    "aggression": 0.5452,
    "pace": 2365.2
  },
  "51": {
    "gpm": 340.9,
    "greed_index": 0.11347857313861616,
    "timing_category": "early",
    "aggression": 0.6002,
    "pace": 2409.3
  },
  "52": {
    "gpm": 562.9,
    "greed_index": 0.6449604979650465,
    "timing_category": "mid",
    "aggression": 0.5962,
    "pace": 2416.0
  },
  "53": {
    "gpm": 644.6,
    "greed_index": 0.8405554225520708,
    "timing_category": "late",
    "aggression": 0.6492,
    "pace": 2405.3
  },
  "54": {
    "gpm": 627.2,
    "greed_index": 0.798898731146756,
    "timing_category": "late",
    "aggression": 0.4919,
    "pace": 2397.2
  },
  "55": {
    "gpm": 515.9,
    "greed_index": 0.5324395499162077,
    "timing_category": "mid",
    "aggression": 0.5662,
    "pace": 2378.0
  },
  "56": {
    "gpm": 592.0,